<?xml version="1.0" encoding="UTF-8"?>
<beans xmlns="http://www.springframework.org/schema/beans"
	xmlns:xsi="http://www.w3.org/2001/XMLSchema-instance"
	xsi:schemaLocation="http://www.springframework.org/schema/beans https://www.springframework.org/schema/beans/spring-beans.xsd">
	
	<!-- Root Context: defines shared resources visible to all other web components -->

	<!-- ********************************************************************* -->
	<bean id="multipartResolver" class="org.springframework.web.multipart.commons.CommonsMultipartResolver">
   		<property name="defaultEncoding" value="UTF-8"></property>
   		<property name="maxUploadSize" value="10000000"></property>		<!-- total upload size -->
   		<property name="maxInMemorySize" value="10000000"></property>	<!-- buffer size(임시로 담았다가 업로드 하는 사이즈) -->
	</bean>	
	<!-- ********************************************************************* -->

		
</beans>
