<?xml version="1.0" encoding="UTF-8"?>
<!DOCTYPE mapper PUBLIC   "-//mybatis.org//DTD Mapper 3.0//EN"
   "http://mybatis.org/dtd/mybatis-3-mapper.dtd"
>
<mapper namespace="kr.co.withkbo.dao.MemberDAO">
	
	<insert id="join">
		insert into user(userId,password,nickname,email)
		values(#{param1},#{param2},#{param3},#{param4})
	
	</insert>
	
	
	<insert id="joinstatus">
		insert into user_status(userId)
		values(#{param1})
	</insert>
	
	
	<select id="login" resultType="kr.co.withkbo.dto.MemberDTO">
<!-- 		select userId,userLevel from user -->
<!-- 			where userId = #{param1} and password = #{param2} -->			
	select u.userId, userLevel, status,updateDate from user u join user_status us on u.userId = us.userId  
		where u.userId= #{param1} and password = #{param2};
	</select>
	
	<select id="overlay" resultType="String">
		select userId from user where userId = #{param1}
	</select>
	
	<select id="over" resultType="String">
		SELECT nickname from user WHERE nickname = #{param1}
	</select>
	
	<select id="overemail" resultType="String">
		SELECT email from user WHERE email = #{param1}
	</select>
	
	<update id="userStaUp" >
		update user_status set status = '1' where userId = #{param1}
	
	</update>
	


</mapper>